img;title;author;likes;number_of_comments;number_of_views;date;image_tags;comment_1
https://images-wixmp-ed30a86b8c4ca887773594c2.wixmp.com/f/b1a741cf-3bec-4593-a8dd-1beebb398d33/dhwhce7-79703998-e00b-4341-bf0c-97367b508284.jpg/v1/fill/w_250,h_250,q_70,strp/the_beach_of_eternity_by_stingsman21_dhwhce7-250t.jpg?token=eyJ0eXAiOiJKV1QiLCJhbGciOiJIUzI1NiJ9.eyJzdWIiOiJ1cm46YXBwOjdlMGQxODg5ODIyNjQzNzNhNWYwZDQxNWVhMGQyNmUwIiwiaXNzIjoidXJuOmFwcDo3ZTBkMTg4OTgyMjY0MzczYTVmMGQ0MTVlYTBkMjZlMCIsIm9iaiI6W1t7ImhlaWdodCI6Ijw9NDA5NiIsInBhdGgiOiJcL2ZcL2IxYTc0MWNmLTNiZWMtNDU5My1hOGRkLTFiZWViYjM5OGQzM1wvZGh3aGNlNy03OTcwMzk5OC1lMDBiLTQzNDEtYmYwYy05NzM2N2I1MDgyODQuanBnIiwid2lkdGgiOiI8PTQwOTYifV1dLCJhdWQiOlsidXJuOnNlcnZpY2U6aW1hZ2Uub3BlcmF0aW9ucyJdfQ.PiQ8eJNE953oHGrc75BldTlz2Qk4LFzq58qOkPzSkDI;The beach of eternity;Stingsman21;179;42;77600;03/08/2024;['digitalart', 'beauty', 'fantasyart', 'surreal', 'abstract', 'magic', 'wallpaper', 'forest', 'space', 'beach', 'digitalarts', 'fantasy', 'fantasyartwork', 'fantasycreature', 'fantasyillustration', 'fantasylandscape', 'originalart', 'originaldesign', 'originalspecies', 'spacescape', 'timeline', 'trees', 'treeslandscape', 'treephotography', 'treesforest', 'didgitalart', 'digital_art', 'digitalartworks'];"[{""comment_author"": ""SofiaofArendelle"", ""comment_date"": ""23/08/2024"", ""comment_text"": ""Congratulations and well deserved on the DD badge.""}]"
https://images-wixmp-ed30a86b8c4ca887773594c2.wixmp.com/f/43ebe86a-38b9-4b7f-a6ac-c9442e874c7e/dhqxlf8-1491ccac-6c75-4a40-8786-e6e80eea3339.png/v1/fit/w_375,h_244,q_70,strp/andromeda_by_kipine_dhqxlf8-375w.jpg?token=eyJ0eXAiOiJKV1QiLCJhbGciOiJIUzI1NiJ9.eyJzdWIiOiJ1cm46YXBwOjdlMGQxODg5ODIyNjQzNzNhNWYwZDQxNWVhMGQyNmUwIiwiaXNzIjoidXJuOmFwcDo3ZTBkMTg4OTgyMjY0MzczYTVmMGQ0MTVlYTBkMjZlMCIsIm9iaiI6W1t7ImhlaWdodCI6Ijw9MTI0OCIsInBhdGgiOiJcL2ZcLzQzZWJlODZhLTM4YjktNGI3Zi1hNmFjLWM5NDQyZTg3NGM3ZVwvZGhxeGxmOC0xNDkxY2NhYy02Yzc1LTRhNDAtODc4Ni1lNmU4MGVlYTMzMzkucG5nIiwid2lkdGgiOiI8PTE5MjAifV1dLCJhdWQiOlsidXJuOnNlcnZpY2U6aW1hZ2Uub3BlcmF0aW9ucyJdfQ.syjMfx-tQXWJaVHlBWWt2XVNzh1hTmZHiCaAu3Rt1oA;Andromeda;Kipine;1100;37;403400;09/07/2024;['anthro', 'characterdesign', 'oc', 'tiger'];"[{""comment_author"": ""Bbaltierra"", ""comment_date"": ""23/08/2024"", ""comment_text"": ""Phenomenal, a great artist like yourself certainly knows how to create such beautiful masterpieces""}, {""comment_author"": ""WDWParksGal"", ""comment_date"": ""23/08/2024"", ""comment_text"": ""N/A""}, {""comment_author"": ""LindArtz"", ""comment_date"": ""23/08/2024"", ""comment_text"": ""Wonderful work!      !""}, {""comment_author"": ""Kat-Zaphire"", ""comment_date"": ""23/08/2024"", ""comment_text"": "" ""}, {""comment_author"": ""SpadeTheCanine"", ""comment_date"": ""31/07/2024"", ""comment_text"": ""this is adorable <3""}, {""comment_author"": ""juno1205"", ""comment_date"": ""30/07/2024"", ""comment_text"": ""this is so cute ""}, {""comment_author"": ""mvnug5205896"", ""comment_date"": ""26/07/2024"", ""comment_text"": ""I can see this piece was inspired by ""}, {""comment_author"": ""m00shroom0"", ""comment_date"": ""22/07/2024"", ""comment_text"": "":0 sheâ€™s so pretty!""}, {""comment_author"": ""Balo971"", ""comment_date"": ""21/07/2024"", ""comment_text"": ""Awesome ""}, {""comment_author"": ""CakelynCat"", ""comment_date"": ""21/07/2024"", ""comment_text"": ""Donâ€™t mind me, Iâ€™m just eating this! (Adorable character, might draw fanart ðŸ‘€)""}, {""comment_author"": ""ELIIXXJPEG"", ""comment_date"": ""19/07/2024"", ""comment_text"": ""This is Awesome ""}, {""comment_author"": ""flopa78067"", ""comment_date"": ""18/07/2024"", ""comment_text"": ""Muito bom ""}, {""comment_author"": ""Dark2L"", ""comment_date"": ""14/07/2024"", ""comment_text"": ""unbelievable! so good!""}, {""comment_author"": ""vaLromartist"", ""comment_date"": ""14/07/2024"", ""comment_text"": ""these colors are GORGEOUS. I'm in love""}, {""comment_author"": ""TheAlpaWorks"", ""comment_date"": ""13/07/2024"", ""comment_text"": ""Heads up, this person has re-uploaded your piece and advertising some video editor in the comment section with it. https://www.deviantart.com/ajaanajan""}, {""comment_author"": ""Reweldragon"", ""comment_date"": ""13/07/2024"", ""comment_text"": ""but if she's still a tiger then why is she reading a book?""}, {""comment_author"": ""Lioram21"", ""comment_date"": ""12/07/2024"", ""comment_text"": ""This looks SO good, everything from the shapes to the colours of the entire spread, and the small embellishments â€“ the stars and corner plants. I also appreciate her unique markingsI know that brushes don't make the art but was some sort of texture or a textured brush used here?""}, {""comment_author"": ""RebellingLemming"", ""comment_date"": ""11/07/2024"", ""comment_text"": ""Great art!""}, {""comment_author"": ""starsworne"", ""comment_date"": ""10/07/2024"", ""comment_text"": ""I love the shapes  on the bust and the feral form.""}, {""comment_author"": ""Sherharon"", ""comment_date"": ""10/07/2024"", ""comment_text"": ""She's so lovely! Wild and free forever <3""}, {""comment_author"": ""Neva69"", ""comment_date"": ""10/07/2024"", ""comment_text"": ""What a design!! Adorable""}, {""comment_author"": ""rapsahtaa"", ""comment_date"": ""10/07/2024"", ""comment_text"": ""JUST as I was thinking about creating myself a tiger character as well!! Never tell me the odds! ðŸ¤£""}, {""comment_author"": ""YuuHagarashi"", ""comment_date"": ""10/07/2024"", ""comment_text"": "" I love the colors!""}, {""comment_author"": ""Nemenos"", ""comment_date"": ""10/07/2024"", ""comment_text"": ""I'm so in love with that pastel lemon colour palette! ""}, {""comment_author"": ""starwrought"", ""comment_date"": ""10/07/2024"", ""comment_text"": ""This is a really awesome concept. Thank you for sharing it!""}, {""comment_author"": ""FergyDraws"", ""comment_date"": ""10/07/2024"", ""comment_text"": ""oh..... i love her so much......... you've come right for my weakness for tigers ""}, {""comment_author"": ""Verbrannt74"", ""comment_date"": ""10/07/2024"", ""comment_text"": ""I adore the little porcelain-like Andromeda on the top left corner... and how she combines with the portrait below.""}, {""comment_author"": ""TwistedStalkTheWolf"", ""comment_date"": ""10/07/2024"", ""comment_text"": ""This is SO COOL!""}]"
https://images-wixmp-ed30a86b8c4ca887773594c2.wixmp.com/f/c476cf12-d1e8-4007-bc0a-d6a5439d3e44/dhtihhw-ca6f8bc1-284a-4d60-a416-fdb7ddfa587e.jpg/v1/fit/w_300,h_850,q_70,strp/lost_by_placidanemia_dhtihhw-300w.jpg?token=eyJ0eXAiOiJKV1QiLCJhbGciOiJIUzI1NiJ9.eyJzdWIiOiJ1cm46YXBwOjdlMGQxODg5ODIyNjQzNzNhNWYwZDQxNWVhMGQyNmUwIiwiaXNzIjoidXJuOmFwcDo3ZTBkMTg4OTgyMjY0MzczYTVmMGQ0MTVlYTBkMjZlMCIsIm9iaiI6W1t7ImhlaWdodCI6Ijw9ODUwIiwicGF0aCI6IlwvZlwvYzQ3NmNmMTItZDFlOC00MDA3LWJjMGEtZDZhNTQzOWQzZTQ0XC9kaHRpaGh3LWNhNmY4YmMxLTI4NGEtNGQ2MC1hNDE2LWZkYjdkZGZhNTg3ZS5qcGciLCJ3aWR0aCI6Ijw9MTE2MiJ9XV0sImF1ZCI6WyJ1cm46c2VydmljZTppbWFnZS5vcGVyYXRpb25zIl19.IT59Bwldnjg-DliVevdYZv0CB345Kv18rIljMWsAofA;Lost;PlacidAnemia;41;11;119100;21/07/2024;[];"[{""comment_author"": ""Dieffi"", ""comment_date"": ""23/08/2024"", ""comment_text"": ""Congratulations on your Daily Deviation! Very well deserved!""}, {""comment_author"": ""ratinrage"", ""comment_date"": ""23/08/2024"", ""comment_text"": ""N/A""}, {""comment_author"": ""Bbaltierra"", ""comment_date"": ""23/08/2024"", ""comment_text"": ""Phenomenal, a great artist like yourself certainly knows how to create such beautiful masterpieces""}, {""comment_author"": ""IrinaKapi"", ""comment_date"": ""23/08/2024"", ""comment_text"": ""Fantastic wonderful art. I like it  ""}, {""comment_author"": ""WDWParksGal"", ""comment_date"": ""23/08/2024"", ""comment_text"": ""N/A""}, {""comment_author"": ""LindArtz"", ""comment_date"": ""23/08/2024"", ""comment_text"": ""Beautifully done!      !""}, {""comment_author"": ""Kat-Zaphire"", ""comment_date"": ""23/08/2024"", ""comment_text"": "" ""}, {""comment_author"": ""mshellee"", ""comment_date"": ""25/07/2024"", ""comment_text"": ""Also, may I submit this to my Journal Challenge, please. Not a contest, just supporting artist-The Challenge:  - Choose your medium: drawing, digital art, photomanipulation, painting, etc (no AI, let's keep it human-made) - Create a piece that embodies fantasy: mythical creatures, magical landscapes, surreal scenes - the possibilities are endless! - Share your process, progress""}, {""comment_author"": ""mshellee"", ""comment_date"": ""25/07/2024"", ""comment_text"": ""This is so dark and magical!""}, {""comment_author"": ""mumu0909"", ""comment_date"": ""22/07/2024"", ""comment_text"": ""beautiful concept placid very well done!""}]"
https://images-wixmp-ed30a86b8c4ca887773594c2.wixmp.com/f/78fd4e8b-7def-4fa9-be87-5566d951d1d1/dhnfgtc-977aa7bf-d6a9-4e09-ab0c-08754114e708.jpg/v1/fill/w_700,h_312,q_70,strp/king_s_bargain_by_eduardo_pena_dhnfgtc-350t.jpg?token=eyJ0eXAiOiJKV1QiLCJhbGciOiJIUzI1NiJ9.eyJzdWIiOiJ1cm46YXBwOjdlMGQxODg5ODIyNjQzNzNhNWYwZDQxNWVhMGQyNmUwIiwiaXNzIjoidXJuOmFwcDo3ZTBkMTg4OTgyMjY0MzczYTVmMGQ0MTVlYTBkMjZlMCIsIm9iaiI6W1t7ImhlaWdodCI6Ijw9NTcxIiwicGF0aCI6IlwvZlwvNzhmZDRlOGItN2RlZi00ZmE5LWJlODctNTU2NmQ5NTFkMWQxXC9kaG5mZ3RjLTk3N2FhN2JmLWQ2YTktNGUwOS1hYjBjLTA4NzU0MTE0ZTcwOC5qcGciLCJ3aWR0aCI6Ijw9MTI4MCJ9XV0sImF1ZCI6WyJ1cm46c2VydmljZTppbWFnZS5vcGVyYXRpb25zIl19._r7TqCok7D2rBRWIYbWfCwqDvfznFLgc8frOocXNFyw;King's Bargain;Eduardo-Pena;107;8;124400;24/06/2024;['3dmodeling', 'artdirection', 'artdirector', 'characterconcept', 'characterdesign', 'conceptart', 'conceptsketch', 'costumedesign', 'digitalart', 'filmproduction', 'gameart', 'gamedesign', 'illustration', 'productionart', 'propdesign', 'setdesign', 'vfx', 'visualeffects', 'worldbuilding', 'animationdesign', 'designprocess', 'environmentconcept', 'productiondesign', 'environmentdesign', 'storyboardartist', 'visualdevelopment', 'productiondesigner', 'visualstorytelling', 'cinematicdesign', 'artpipeline'];"[{""comment_author"": ""Nurrpu"", ""comment_date"": ""23/08/2024"", ""comment_text"": ""Amazing art image, congratulations DDðŸ˜€ ""}, {""comment_author"": ""Bbaltierra"", ""comment_date"": ""23/08/2024"", ""comment_text"": ""Phenomenal, a great artist like yourself certainly knows how to create such beautiful masterpieces""}, {""comment_author"": ""bancah5nl"", ""comment_date"": ""23/08/2024"", ""comment_text"": ""amazinh""}, {""comment_author"": ""RemBurgArts"", ""comment_date"": ""23/08/2024"", ""comment_text"": ""Congrats on getting the Daily Deviation.  ""}, {""comment_author"": ""WDWParksGal"", ""comment_date"": ""23/08/2024"", ""comment_text"": ""N/A""}, {""comment_author"": ""LindArtz"", ""comment_date"": ""23/08/2024"", ""comment_text"": ""Superb work, and light!!    !""}, {""comment_author"": ""Kat-Zaphire"", ""comment_date"": ""23/08/2024"", ""comment_text"": "" ""}, {""comment_author"": ""Filthy-Hands"", ""comment_date"": ""24/06/2024"", ""comment_text"": ""Waw !  ""}, {""comment_author"": ""OrdoGemini"", ""comment_date"": ""24/06/2024"", ""comment_text"": ""Love the B&W style and cinematic mood  ""}]"
https://images-wixmp-ed30a86b8c4ca887773594c2.wixmp.com/f/e0480803-b89b-4982-b2c0-75bd24bb4790/dhtw8uk-adb4ddd1-128e-4d62-9a86-55a980984857.jpg/v1/fill/w_213,h_250,q_70,strp/london_at_night_by_scratchproductions_dhtw8uk-250t.jpg?token=eyJ0eXAiOiJKV1QiLCJhbGciOiJIUzI1NiJ9.eyJzdWIiOiJ1cm46YXBwOjdlMGQxODg5ODIyNjQzNzNhNWYwZDQxNWVhMGQyNmUwIiwiaXNzIjoidXJuOmFwcDo3ZTBkMTg4OTgyMjY0MzczYTVmMGQ0MTVlYTBkMjZlMCIsIm9iaiI6W1t7ImhlaWdodCI6Ijw9ODUwIiwicGF0aCI6IlwvZlwvZTA0ODA4MDMtYjg5Yi00OTgyLWIyYzAtNzViZDI0YmI0NzkwXC9kaHR3OHVrLWFkYjRkZGQxLTEyOGUtNGQ2Mi05YTg2LTU1YTk4MDk4NDg1Ny5qcGciLCJ3aWR0aCI6Ijw9NzI0In1dXSwiYXVkIjpbInVybjpzZXJ2aWNlOmltYWdlLm9wZXJhdGlvbnMiXX0.18FbvRcwMijl65hKGVlEeZHC5FKUsym6d6VfgoXA_1U;London at Night;scratchproductions;38;19;128300;23/07/2024;['cityscape', 'digitalart', 'digitalpainting', 'architecture', 'sky', 'architectureart', 'bigben', 'buildings', 'city', 'citylights', 'contemporary', 'housesofparliament', 'lightandshadow', 'lightandshadows', 'london', 'londoncalling', 'modern', 'moon', 'moonlight', 'night', 'nightscene', 'semiabstract', 'shadesofblue', 'silhouettes', 'stpaul', 'traffic', 'trafficlights', 'londonnight', 'midnightsparkle'];"[{""comment_author"": ""lumenix"", ""comment_date"": ""23/08/2024"", ""comment_text"": "" ""}, {""comment_author"": ""Bbaltierra"", ""comment_date"": ""23/08/2024"", ""comment_text"": ""Phenomenal, a great artist like yourself certainly knows how to create such beautiful masterpieces""}, {""comment_author"": ""IrinaKapi"", ""comment_date"": ""23/08/2024"", ""comment_text"": ""Very beautiful artwork ðŸŒ†""}, {""comment_author"": ""WDWParksGal"", ""comment_date"": ""23/08/2024"", ""comment_text"": ""N/A""}, {""comment_author"": ""LindArtz"", ""comment_date"": ""23/08/2024"", ""comment_text"": ""Very Nice work!      !""}, {""comment_author"": ""Kat-Zaphire"", ""comment_date"": ""23/08/2024"", ""comment_text"": "" ""}, {""comment_author"": ""LuLupoo"", ""comment_date"": ""24/07/2024"", ""comment_text"": ""Oh this is so pretty, love this one.  Looks so peaceful ""}, {""comment_author"": ""Doll-Ladi"", ""comment_date"": ""24/07/2024"", ""comment_text"": ""Andy very impressive and beautiful art. I love your style of artworkðŸ’œ""}, {""comment_author"": ""JIMENOPOLIX"", ""comment_date"": ""23/07/2024"", ""comment_text"": ""Lovely color!""}]"
https://images-wixmp-ed30a86b8c4ca887773594c2.wixmp.com/f/545f0cd5-ca69-4e48-9db2-7a5d6c60fc7a/dhudz2s-e8de0865-ed55-4d4d-a13b-a6d13b77fdaf.png/v1/fill/w_276,h_350,q_70,strp/mountain_surveyor_by_adooke_dhudz2s-350t.jpg?token=eyJ0eXAiOiJKV1QiLCJhbGciOiJIUzI1NiJ9.eyJzdWIiOiJ1cm46YXBwOjdlMGQxODg5ODIyNjQzNzNhNWYwZDQxNWVhMGQyNmUwIiwiaXNzIjoidXJuOmFwcDo3ZTBkMTg4OTgyMjY0MzczYTVmMGQ0MTVlYTBkMjZlMCIsIm9iaiI6W1t7ImhlaWdodCI6Ijw9MTYyNiIsInBhdGgiOiJcL2ZcLzU0NWYwY2Q1LWNhNjktNGU0OC05ZGIyLTdhNWQ2YzYwZmM3YVwvZGh1ZHoycy1lOGRlMDg2NS1lZDU1LTRkNGQtYTEzYi1hNmQxM2I3N2ZkYWYucG5nIiwid2lkdGgiOiI8PTEyODAifV1dLCJhdWQiOlsidXJuOnNlcnZpY2U6aW1hZ2Uub3BlcmF0aW9ucyJdfQ.CZ8lrmrr0LnvjShlRwOTO_WbjjHGg3JUbB_U5WcYF3c;Mountain surveyor;Adooke;91;5;132300;25/07/2024;['characterdesign', 'fantasyart', 'dragon', 'creature'];"[{""comment_author"": ""Bbaltierra"", ""comment_date"": ""23/08/2024"", ""comment_text"": ""Phenomenal, a great artist like yourself certainly knows how to create such beautiful masterpieces""}, {""comment_author"": ""WDWParksGal"", ""comment_date"": ""23/08/2024"", ""comment_text"": ""N/A""}, {""comment_author"": ""LindArtz"", ""comment_date"": ""23/08/2024"", ""comment_text"": ""Wonderful work!     !""}, {""comment_author"": ""Kat-Zaphire"", ""comment_date"": ""23/08/2024"", ""comment_text"": "" ""}, {""comment_author"": ""SecretAgent9"", ""comment_date"": ""26/07/2024"", ""comment_text"": ""Oooh, it's got the vibes of something straight out of a storybook... I love it!""}]"
https://images-wixmp-ed30a86b8c4ca887773594c2.wixmp.com/f/c606b175-c605-48db-a0db-ba098ea055b1/dhpq83l-207ee3c0-505e-4480-af68-788ac43bf0af.jpg/v1/fit/w_375,h_281,q_70,strp/the_rack_by_zemoto_dhpq83l-375w.jpg?token=eyJ0eXAiOiJKV1QiLCJhbGciOiJIUzI1NiJ9.eyJzdWIiOiJ1cm46YXBwOjdlMGQxODg5ODIyNjQzNzNhNWYwZDQxNWVhMGQyNmUwIiwiaXNzIjoidXJuOmFwcDo3ZTBkMTg4OTgyMjY0MzczYTVmMGQ0MTVlYTBkMjZlMCIsIm9iaiI6W1t7ImhlaWdodCI6Ijw9OTYwIiwicGF0aCI6IlwvZlwvYzYwNmIxNzUtYzYwNS00OGRiLWEwZGItYmEwOThlYTA1NWIxXC9kaHBxODNsLTIwN2VlM2MwLTUwNWUtNDQ4MC1hZjY4LTc4OGFjNDNiZjBhZi5qcGciLCJ3aWR0aCI6Ijw9MTI4MCJ9XV0sImF1ZCI6WyJ1cm46c2VydmljZTppbWFnZS5vcGVyYXRpb25zIl19.jSa1RTs29D9dy4xAv0xUZ2f0buS8jNJdqVs-q_sKyqM;The rack;zemoto;118;30;134100;04/07/2024;['reflection', 'architecture', 'streetphotography', 'photography', 'colorphotography', 'house', 'noai', 'street', 'windows'];"[{""comment_author"": ""kleinerteddy"", ""comment_date"": ""23/08/2024"", ""comment_text"": ""Herzlichen GlÃ¼ckwunsch!""}, {""comment_author"": ""tortagel"", ""comment_date"": ""23/08/2024"", ""comment_text"": ""Eine gerechte Anerkennung! Deine destillierte und intelligente Kunst ist fÃ¼r mich immer eine Quelle der Meditation und Inspiration. ""}, {""comment_author"": ""lidiarossana"", ""comment_date"": ""23/08/2024"", ""comment_text"": ""N/A""}, {""comment_author"": ""Dieffi"", ""comment_date"": ""23/08/2024"", ""comment_text"": ""Congratulations on your Daily Deviation! Very well deserved!""}, {""comment_author"": ""t-222"", ""comment_date"": ""23/08/2024"", ""comment_text"": ""Herzlichen GlÃ¼ckwunsch zum DD!""}, {""comment_author"": ""ratinrage"", ""comment_date"": ""23/08/2024"", ""comment_text"": ""N/A""}, {""comment_author"": ""Nurrpu"", ""comment_date"": ""23/08/2024"", ""comment_text"": ""Amazing photo, congratulations DDðŸ˜€ ""}, {""comment_author"": ""IrinaKapi"", ""comment_date"": ""23/08/2024"", ""comment_text"": ""Great shotðŸ‘ðŸ“¸""}, {""comment_author"": ""Bbaltierra"", ""comment_date"": ""23/08/2024"", ""comment_text"": ""Phenomenal, a great photographer like yourself certainly knows how to create such beautiful photographs ""}, {""comment_author"": ""WDWParksGal"", ""comment_date"": ""23/08/2024"", ""comment_text"": ""N/A""}, {""comment_author"": ""LindArtz"", ""comment_date"": ""23/08/2024"", ""comment_text"": ""Very Nice capture!      !""}, {""comment_author"": ""augenweide"", ""comment_date"": ""23/08/2024"", ""comment_text"": ""GlÃ¼ckwunsch !!""}, {""comment_author"": ""Kat-Zaphire"", ""comment_date"": ""23/08/2024"", ""comment_text"": "" ""}, {""comment_author"": ""AutumnIulia"", ""comment_date"": ""11/07/2024"", ""comment_text"": ""Wonderful work  ""}, {""comment_author"": ""caddman"", ""comment_date"": ""10/07/2024"", ""comment_text"": ""...excellent work...... ""}, {""comment_author"": ""mundanerecollections"", ""comment_date"": ""08/07/2024"", ""comment_text"": ""Very surreal.. I like it!""}, {""comment_author"": ""stalker034"", ""comment_date"": ""07/07/2024"", ""comment_text"": ""brilliantly beautiful gorgeous diamond photo!!!!""}, {""comment_author"": ""Gaugain69"", ""comment_date"": ""06/07/2024"", ""comment_text"": ""...and a \""domino dancing\""...Love it and saving it!""}, {""comment_author"": ""fabulaparva"", ""comment_date"": ""05/07/2024"", ""comment_text"": ""Ruhige Farben.  ""}, {""comment_author"": ""Trippy4U"", ""comment_date"": ""05/07/2024"", ""comment_text"": ""No vacancies.  Look at all the people waiting for a room :)""}, {""comment_author"": ""alinacitasci56"", ""comment_date"": ""05/07/2024"", ""comment_text"": ""Beautiful""}, {""comment_author"": ""angevla"", ""comment_date"": ""04/07/2024"", ""comment_text"": ""Superb!  ""}, {""comment_author"": ""JJPoatree"", ""comment_date"": ""04/07/2024"", ""comment_text"": ""Congratulations on the DD!  ""}, {""comment_author"": ""KizukiTamura"", ""comment_date"": ""04/07/2024"", ""comment_text"": ""Excellent !  ""}]"
https://images-wixmp-ed30a86b8c4ca887773594c2.wixmp.com/f/4bb1a591-fecd-4f65-8d97-56f77a7ac4c6/di06n3l-e70aef19-d57e-435d-b967-691dae41e7bb.png/v1/fill/w_200,h_350,q_70,strp/deadly_echoes_of_betrayal_and_a_broken_heart_by_dreadfuldark_di06n3l-350t.jpg?token=eyJ0eXAiOiJKV1QiLCJhbGciOiJIUzI1NiJ9.eyJzdWIiOiJ1cm46YXBwOjdlMGQxODg5ODIyNjQzNzNhNWYwZDQxNWVhMGQyNmUwIiwiaXNzIjoidXJuOmFwcDo3ZTBkMTg4OTgyMjY0MzczYTVmMGQ0MTVlYTBkMjZlMCIsIm9iaiI6W1t7ImhlaWdodCI6Ijw9MTc5MiIsInBhdGgiOiJcL2ZcLzRiYjFhNTkxLWZlY2QtNGY2NS04ZDk3LTU2Zjc3YTdhYzRjNlwvZGkwNm4zbC1lNzBhZWYxOS1kNTdlLTQzNWQtYjk2Ny02OTFkYWU0MWU3YmIucG5nIiwid2lkdGgiOiI8PTEwMjQifV1dLCJhdWQiOlsidXJuOnNlcnZpY2U6aW1hZ2Uub3BlcmF0aW9ucyJdfQ.YGSCk9RKBTKDU8qnl4diyQhqWQ61zHgKtsiVt23kVjY;Deadly Echoes of Betrayal and a Broken Heart;dreadfuldark;19;13;133900;19/08/2024;['doll', 'digitalart', 'ai', 'betrayal', 'brokenheart', 'conceptual', 'dark', 'darkart', 'despair', 'digital', 'evocative', 'photomanipulated', 'photoshop', 'psychological', 'ragdoll', 'sadness', 'sorrow', 'surreal', 'surrealism', 'unsettling', 'aiart', 'art', 'aigenerated', 'dall_e3'];"[{""comment_author"": ""Linaewen28"", ""comment_date"": ""23/08/2024"", ""comment_text"": ""Emotionally strong image.""}, {""comment_author"": ""lumenix"", ""comment_date"": ""23/08/2024"", ""comment_text"": "" ""}, {""comment_author"": ""Nurrpu"", ""comment_date"": ""23/08/2024"", ""comment_text"": ""Congratulations on your DDðŸ˜€ ""}, {""comment_author"": ""TheFulkrum"", ""comment_date"": ""23/08/2024"", ""comment_text"": ""Congratulations!   ""}, {""comment_author"": ""IrinaKapi"", ""comment_date"": ""23/08/2024"", ""comment_text"": ""Congratulations on your Daily Deviation ðŸ¥³ðŸ˜ðŸŒºâ¤ï¸""}, {""comment_author"": ""Stingsman21"", ""comment_date"": ""23/08/2024"", ""comment_text"": ""N/A""}, {""comment_author"": ""WDWParksGal"", ""comment_date"": ""23/08/2024"", ""comment_text"": ""N/A""}, {""comment_author"": ""LindArtz"", ""comment_date"": ""23/08/2024"", ""comment_text"": ""Aww Too Cute!      !""}, {""comment_author"": ""EyeOfTheKat"", ""comment_date"": ""23/08/2024"", ""comment_text"": ""N/A""}, {""comment_author"": ""Kat-Zaphire"", ""comment_date"": ""23/08/2024"", ""comment_text"": "" ""}, {""comment_author"": ""jeffdoute"", ""comment_date"": ""20/08/2024"", ""comment_text"": ""ðŸ’ŒNOTEðŸ’Œ Hi Friend - I placed this Creation in the Kawaii - Chibi - All Things Cuteness Gallery on Ai-Elite - Have Fun Creating and Discovering - Enjoy! - ðŸŽ¯""}, {""comment_author"": ""TheFulkrum"", ""comment_date"": ""20/08/2024"", ""comment_text"": ""Portrayed perfectly - beautiful, warm, tender and painful.  ""}, {""comment_author"": ""EyeOfTheKat"", ""comment_date"": ""20/08/2024"", ""comment_text"": ""I am very sorry you experienced this.   Wish you all the best and hopefully your heart will heal and you will be able to trust someone again in the future who deserves it.  ""}]"
https://images-wixmp-ed30a86b8c4ca887773594c2.wixmp.com/f/e3242903-9644-42c3-b7de-26952c84e796/devwnym-470af0da-3c7b-4b27-800f-43b23529333c.jpg/v1/fill/w_161,h_400,q_70,strp/waves___mermay_2021_by_mangolily0_devwnym-400t.jpg?token=eyJ0eXAiOiJKV1QiLCJhbGciOiJIUzI1NiJ9.eyJzdWIiOiJ1cm46YXBwOjdlMGQxODg5ODIyNjQzNzNhNWYwZDQxNWVhMGQyNmUwIiwiaXNzIjoidXJuOmFwcDo3ZTBkMTg4OTgyMjY0MzczYTVmMGQ0MTVlYTBkMjZlMCIsIm9iaiI6W1t7ImhlaWdodCI6Ijw9MTQ5MCIsInBhdGgiOiJcL2ZcL2UzMjQyOTAzLTk2NDQtNDJjMy1iN2RlLTI2OTUyYzg0ZTc5NlwvZGV2d255bS00NzBhZjBkYS0zYzdiLTRiMjctODAwZi00M2IyMzUyOTMzM2MuanBnIiwid2lkdGgiOiI8PTYwMCJ9XV0sImF1ZCI6WyJ1cm46c2VydmljZTppbWFnZS5vcGVyYXRpb25zIl19.lvQ-kL63Vuxil00rUlgRZOHdxmg7aVenX92_FakP13Q;Waves | Mermay 2021;mangolily0;30;4;136500;10/12/2021;['koi', 'oc', 'traditionalpainting', 'watercolourpainting', 'lofimango', 'lofimangoart', 'blackhairedgirl', 'koifish', 'mermaid', 'mermaidfantasy', 'mermaidgirl', 'originalcharacter', 'traditionalart', 'watercolour', 'koimermaid', 'originalcontent', 'mermay', 'koifishmermaid', 'mermaychallenge', 'mermay2021'];"[{""comment_author"": ""Malintra-Shadowmoon"", ""comment_date"": ""23/08/2024"", ""comment_text"": ""Congratulations on your well-deserved DD.  ""}, {""comment_author"": ""EdinTorres"", ""comment_date"": ""23/08/2024"", ""comment_text"": ""Eres grande en la precisiÃ³n de tu arte y manejo de las erramientas k te permiten ser Ãºnico en tu vida bendiciones hermanos y sigan con sus propÃ³sitos sin olbidarce de Dios""}, {""comment_author"": ""Bbaltierra"", ""comment_date"": ""23/08/2024"", ""comment_text"": ""Phenomenal, a great artist like yourself certainly knows how to create such beautiful masterpieces""}, {""comment_author"": ""WDWParksGal"", ""comment_date"": ""23/08/2024"", ""comment_text"": ""N/A""}, {""comment_author"": ""LindArtz"", ""comment_date"": ""23/08/2024"", ""comment_text"": ""Wonderful work!      !""}, {""comment_author"": ""Kat-Zaphire"", ""comment_date"": ""23/08/2024"", ""comment_text"": "" ""}]"
https://images-wixmp-ed30a86b8c4ca887773594c2.wixmp.com/f/9717b319-868f-42e4-92a7-20ed79bdb1b1/dhxve1g-13a74d9e-dee0-4283-ba75-8e617742acba.jpg/v1/fill/w_248,h_350,q_70,strp/sketch_240809_by_xavbouss_dhxve1g-350t.jpg?token=eyJ0eXAiOiJKV1QiLCJhbGciOiJIUzI1NiJ9.eyJzdWIiOiJ1cm46YXBwOjdlMGQxODg5ODIyNjQzNzNhNWYwZDQxNWVhMGQyNmUwIiwiaXNzIjoidXJuOmFwcDo3ZTBkMTg4OTgyMjY0MzczYTVmMGQ0MTVlYTBkMjZlMCIsIm9iaiI6W1t7ImhlaWdodCI6Ijw9ODQ3IiwicGF0aCI6IlwvZlwvOTcxN2IzMTktODY4Zi00MmU0LTkyYTctMjBlZDc5YmRiMWIxXC9kaHh2ZTFnLTEzYTc0ZDllLWRlZTAtNDI4My1iYTc1LThlNjE3NzQyYWNiYS5qcGciLCJ3aWR0aCI6Ijw9NjAwIn1dXSwiYXVkIjpbInVybjpzZXJ2aWNlOmltYWdlLm9wZXJhdGlvbnMiXX0.eewBA8tom-5Tn88Ed-L-AAdiw3TUB_FHpeqjI1wTofM;Sketch 240809;xavbouss;162;18;138600;09/08/2024;['sketch', 'ink', 'sketching', 'practice', 'dancer', 'study', 'studysketch', 'traditionalart', 'traditionaldrawing', 'dancergirl'];"[{""comment_author"": ""IRIDYSCENZIA"", ""comment_date"": ""23/08/2024"", ""comment_text"": ""This is so beautiful ðŸ’Ž""}, {""comment_author"": ""PetFly"", ""comment_date"": ""23/08/2024"", ""comment_text"": ""Congrats!!""}, {""comment_author"": ""Bbaltierra"", ""comment_date"": ""23/08/2024"", ""comment_text"": ""Phenomenal, a great artist like yourself certainly knows how to create such beautiful masterpieces""}, {""comment_author"": ""IrinaKapi"", ""comment_date"": ""23/08/2024"", ""comment_text"": ""Amazing workðŸ˜""}, {""comment_author"": ""TeddyPaintsArts"", ""comment_date"": ""23/08/2024"", ""comment_text"": ""Congrats for DD ðŸ™‚""}, {""comment_author"": ""WDWParksGal"", ""comment_date"": ""23/08/2024"", ""comment_text"": ""N/A""}, {""comment_author"": ""LindArtz"", ""comment_date"": ""23/08/2024"", ""comment_text"": ""Very Nice work!      !""}, {""comment_author"": ""oncewewereheroes"", ""comment_date"": ""23/08/2024"", ""comment_text"": ""wow, what a pose, gorgeous!""}, {""comment_author"": ""Kat-Zaphire"", ""comment_date"": ""23/08/2024"", ""comment_text"": "" ""}, {""comment_author"": ""GnostickComics"", ""comment_date"": ""18/08/2024"", ""comment_text"": ""Nice action pose, her ballet slippers are like a gun to her own head  ""}, {""comment_author"": ""Karageorges"", ""comment_date"": ""16/08/2024"", ""comment_text"": ""Bellissimo!""}, {""comment_author"": ""CloudSpawner"", ""comment_date"": ""10/08/2024"", ""comment_text"": ""Wonedrful, unique coloring and nice work with the pose and anatomy! :)""}, {""comment_author"": ""abdulrahimart"", ""comment_date"": ""10/08/2024"", ""comment_text"": ""ðŸ˜²âœ¨amazing my friend ""}, {""comment_author"": ""ShawnPikul"", ""comment_date"": ""10/08/2024"", ""comment_text"": ""240809 you are a great sketch!!""}]"
https://images-wixmp-ed30a86b8c4ca887773594c2.wixmp.com/f/5df4941c-7632-4941-9a4c-34d384c6505a/dhnrzm2-94a507e6-9744-469b-a9de-efeebe4220e4.png/v1/fill/w_625,h_350,q_70,strp/floweronthewind_by_vedmedic_dhnrzm2-350t.jpg?token=eyJ0eXAiOiJKV1QiLCJhbGciOiJIUzI1NiJ9.eyJzdWIiOiJ1cm46YXBwOjdlMGQxODg5ODIyNjQzNzNhNWYwZDQxNWVhMGQyNmUwIiwiaXNzIjoidXJuOmFwcDo3ZTBkMTg4OTgyMjY0MzczYTVmMGQ0MTVlYTBkMjZlMCIsIm9iaiI6W1t7ImhlaWdodCI6Ijw9NzE4IiwicGF0aCI6IlwvZlwvNWRmNDk0MWMtNzYzMi00OTQxLTlhNGMtMzRkMzg0YzY1MDVhXC9kaG5yem0yLTk0YTUwN2U2LTk3NDQtNDY5Yi1hOWRlLWVmZWViZTQyMjBlNC5wbmciLCJ3aWR0aCI6Ijw9MTI4MCJ9XV0sImF1ZCI6WyJ1cm46c2VydmljZTppbWFnZS5vcGVyYXRpb25zIl19.1uEnrbDORTfdzx7slyRMjlDd5Iw-R4kQyp9Yk8K9XeI;FlowerOnTheWind;VedMedic;39;12;69200;26/06/2024;['girl', 'portrait', 'portraitbeauty'];"[{""comment_author"": ""Nurrpu"", ""comment_date"": ""23/08/2024"", ""comment_text"": ""Congratulations on your Daily Deviation ""}, {""comment_author"": ""IrinaKapi"", ""comment_date"": ""23/08/2024"", ""comment_text"": ""Beautiful and very gentle ðŸ˜ðŸŒºâœ¨""}, {""comment_author"": ""WDWParksGal"", ""comment_date"": ""23/08/2024"", ""comment_text"": ""N/A""}, {""comment_author"": ""LindArtz"", ""comment_date"": ""23/08/2024"", ""comment_text"": ""Gorgeous!     !""}, {""comment_author"": ""Lothringen"", ""comment_date"": ""23/08/2024"", ""comment_text"": "" ""}, {""comment_author"": ""Kat-Zaphire"", ""comment_date"": ""23/08/2024"", ""comment_text"": "" ""}]"
https://images-wixmp-ed30a86b8c4ca887773594c2.wixmp.com/f/646d9be1-a2b4-49b9-ae6c-db64a869f9f5/dhrykm5-b4aba22e-5b32-49fc-a128-e15776018571.jpg/v1/fill/w_525,h_350,q_70,strp/prince_of_the_forest_by_catlaxy_dhrykm5-350t.jpg?token=eyJ0eXAiOiJKV1QiLCJhbGciOiJIUzI1NiJ9.eyJzdWIiOiJ1cm46YXBwOjdlMGQxODg5ODIyNjQzNzNhNWYwZDQxNWVhMGQyNmUwIiwiaXNzIjoidXJuOmFwcDo3ZTBkMTg4OTgyMjY0MzczYTVmMGQ0MTVlYTBkMjZlMCIsIm9iaiI6W1t7ImhlaWdodCI6Ijw9ODAwIiwicGF0aCI6IlwvZlwvNjQ2ZDliZTEtYTJiNC00OWI5LWFlNmMtZGI2NGE4NjlmOWY1XC9kaHJ5a201LWI0YWJhMjJlLTViMzItNDlmYy1hMTI4LWUxNTc3NjAxODU3MS5qcGciLCJ3aWR0aCI6Ijw9MTIwMCJ9XV0sImF1ZCI6WyJ1cm46c2VydmljZTppbWFnZS5vcGVyYXRpb25zIl19.SdoY3Cm7T06X8hZ7Y8DP5hKge00E6SZQEbl-RHof3zI;Prince of the Forest;Catlaxy;195;39;396700;24/07/2024;['photography', 'animal', 'wildlife', 'forest', 'naturephotography', 'deer', 'animalphotography', 'nature'];"[{""comment_author"": ""ratinrage"", ""comment_date"": ""23/08/2024"", ""comment_text"": ""N/A""}]"
https://images-wixmp-ed30a86b8c4ca887773594c2.wixmp.com/f/33c243e7-ebc8-4228-90b8-752156ffc7af/dhxotzk-66cb54ca-47f8-41af-a063-189a21bf13b8.jpg/v1/fill/w_287,h_350,q_70,strp/__small_creatures____by_julia_pokelin_dhxotzk-350t.jpg?token=eyJ0eXAiOiJKV1QiLCJhbGciOiJIUzI1NiJ9.eyJzdWIiOiJ1cm46YXBwOjdlMGQxODg5ODIyNjQzNzNhNWYwZDQxNWVhMGQyNmUwIiwiaXNzIjoidXJuOmFwcDo3ZTBkMTg4OTgyMjY0MzczYTVmMGQ0MTVlYTBkMjZlMCIsIm9iaiI6W1t7ImhlaWdodCI6Ijw9MjMzOSIsInBhdGgiOiJcL2ZcLzMzYzI0M2U3LWViYzgtNDIyOC05MGI4LTc1MjE1NmZmYzdhZlwvZGh4b3R6ay02NmNiNTRjYS00N2Y4LTQxYWYtYTA2My0xODlhMjFiZjEzYjguanBnIiwid2lkdGgiOiI8PTE5MjAifV1dLCJhdWQiOlsidXJuOnNlcnZpY2U6aW1hZ2Uub3BlcmF0aW9ucyJdfQ.eH2C1qcv25dhoIASqST4vpTjfrHn-GDkhmwNwf96akQ;- SMALL CREATURES  -;Julia-Pokelin;251;10;401900;08/08/2024;['animal', 'insect', 'aesthetic', 'artdump', 'bug', 'colorpalette', 'isopod', 'paperart', 'plant', 'srimp', 'traditionalart', 'traditionaldrawing', 'watercolor', 'watercolorpainting'];"[{""comment_author"": ""BjarniSagas"", ""comment_date"": ""23/08/2024"", ""comment_text"": ""This is awesome! I adore the colours you used and the shrimp with the little bow is just too cute  ""}]"
https://images-wixmp-ed30a86b8c4ca887773594c2.wixmp.com/f/a35fd4fb-c868-494a-ac2f-c1d5867a8542/dhtq4z1-fee283e8-9793-4cc2-95f4-99889a821d8b.jpg/v1/fill/w_233,h_350,q_70,strp/tunnel_in_berlin_by_rfamedia_dhtq4z1-350t.jpg?token=eyJ0eXAiOiJKV1QiLCJhbGciOiJIUzI1NiJ9.eyJzdWIiOiJ1cm46YXBwOjdlMGQxODg5ODIyNjQzNzNhNWYwZDQxNWVhMGQyNmUwIiwiaXNzIjoidXJuOmFwcDo3ZTBkMTg4OTgyMjY0MzczYTVmMGQ0MTVlYTBkMjZlMCIsIm9iaiI6W1t7InBhdGgiOiJcL2ZcL2EzNWZkNGZiLWM4NjgtNDk0YS1hYzJmLWMxZDU4NjdhODU0MlwvZGh0cTR6MS1mZWUyODNlOC05NzkzLTRjYzItOTVmNC05OTg4OWE4MjFkOGIuanBnIiwiaGVpZ2h0IjoiPD0xOTIxIiwid2lkdGgiOiI8PTEyODAifV1dLCJhdWQiOlsidXJuOnNlcnZpY2U6aW1hZ2Uud2F0ZXJtYXJrIl0sIndtayI6eyJwYXRoIjoiXC93bVwvYTM1ZmQ0ZmItYzg2OC00OTRhLWFjMmYtYzFkNTg2N2E4NTQyXC9yZmFtZWRpYS00LnBuZyIsIm9wYWNpdHkiOjk1LCJwcm9wb3J0aW9ucyI6MC40NSwiZ3Jhdml0eSI6ImNlbnRlciJ9fQ.z2kGWejViHbzJG1xqQxjKK7jHsDLaWlZGrp3mSXnnqU;Tunnel in Berlin;rfamedia;104;33;396600;22/07/2024;['photography', 'streetphotography', 'architecture', 'noir', 'horror', 'gothic', 'reflection', 'blackandwhitephotography', 'light', 'metro', 'rain', 'subway', 'tunnel'];"[{""comment_author"": ""SabakuNoShi"", ""comment_date"": ""23/08/2024"", ""comment_text"": "" ""}]"
https://images-wixmp-ed30a86b8c4ca887773594c2.wixmp.com/f/869c075d-be48-41a2-93cb-88b29e4bf82d/dhklpl4-1a097113-da05-4588-8f87-716ccbc187be.jpg/v1/fill/w_250,h_250,q_70,strp/an_caochadh_by_nothoneybee_dhklpl4-250t.jpg?token=eyJ0eXAiOiJKV1QiLCJhbGciOiJIUzI1NiJ9.eyJzdWIiOiJ1cm46YXBwOjdlMGQxODg5ODIyNjQzNzNhNWYwZDQxNWVhMGQyNmUwIiwiaXNzIjoidXJuOmFwcDo3ZTBkMTg4OTgyMjY0MzczYTVmMGQ0MTVlYTBkMjZlMCIsIm9iaiI6W1t7ImhlaWdodCI6Ijw9MTAyNCIsInBhdGgiOiJcL2ZcLzg2OWMwNzVkLWJlNDgtNDFhMi05M2NiLTg4YjI5ZTRiZjgyZFwvZGhrbHBsNC0xYTA5NzExMy1kYTA1LTQ1ODgtOGY4Ny03MTZjY2JjMTg3YmUuanBnIiwid2lkdGgiOiI8PTEwMjQifV1dLCJhdWQiOlsidXJuOnNlcnZpY2U6aW1hZ2Uub3BlcmF0aW9ucyJdfQ.F2O7UFevyTftk9v1RuxuD5UtP_Y4iAa76WcAG2dc43w;An Caochadh;nothoneybee;81;33;389100;11/06/2024;[];"[{""comment_author"": ""Linaewen28"", ""comment_date"": ""23/08/2024"", ""comment_text"": ""For your well deserved DD!  ""}]"
https://images-wixmp-ed30a86b8c4ca887773594c2.wixmp.com/f/fa31b385-cc6a-4442-a27b-9175ec1f3704/dhxm6ah-a311be58-d9dd-418a-9a53-c73928b1bfcc.jpg/v1/crop/w_199,h_250,x_0,y_0,scl_0.13342228152101,q_70,strp/the_shroom_shop_by_monsterinthefridge_dhxm6ah-250t.jpg?token=eyJ0eXAiOiJKV1QiLCJhbGciOiJIUzI1NiJ9.eyJzdWIiOiJ1cm46YXBwOjdlMGQxODg5ODIyNjQzNzNhNWYwZDQxNWVhMGQyNmUwIiwiaXNzIjoidXJuOmFwcDo3ZTBkMTg4OTgyMjY0MzczYTVmMGQ0MTVlYTBkMjZlMCIsIm9iaiI6W1t7ImhlaWdodCI6Ijw9MTYwNSIsInBhdGgiOiJcL2ZcL2ZhMzFiMzg1LWNjNmEtNDQ0Mi1hMjdiLTkxNzVlYzFmMzcwNFwvZGh4bTZhaC1hMzExYmU1OC1kOWRkLTQxOGEtOWE1My1jNzM5MjhiMWJmY2MuanBnIiwid2lkdGgiOiI8PTEyODAifV1dLCJhdWQiOlsidXJuOnNlcnZpY2U6aW1hZ2Uub3BlcmF0aW9ucyJdfQ.9J9DWini_Oi192gyDR1W7f1S47MIWrLo02KtX3d0Sr0;The Shroom Shop;MonsterInTheFridge;140;11;397000;08/08/2024;['magic', 'traditionalart', 'forest', 'fairytale', 'fantasy', 'roots', 'shrooms', 'traditional', 'witch', 'copicmarkerart', 'markersillustration'];"[{""comment_author"": ""LindArtz"", ""comment_date"": ""23/08/2024"", ""comment_text"": ""Wonderful work!      !""}]"
https://images-wixmp-ed30a86b8c4ca887773594c2.wixmp.com/f/28c6ef42-d823-4521-86ad-4821609ed6ac/dhn5k9r-cf59653e-945d-4a15-a66b-9d1ead91071d.jpg/v1/fill/w_473,h_250,q_70,strp/mattepainting_for_wuthering_waves_by_mingrutu_dhn5k9r-250t.jpg?token=eyJ0eXAiOiJKV1QiLCJhbGciOiJIUzI1NiJ9.eyJzdWIiOiJ1cm46YXBwOjdlMGQxODg5ODIyNjQzNzNhNWYwZDQxNWVhMGQyNmUwIiwiaXNzIjoidXJuOmFwcDo3ZTBkMTg4OTgyMjY0MzczYTVmMGQ0MTVlYTBkMjZlMCIsIm9iaiI6W1t7ImhlaWdodCI6Ijw9NTI4IiwicGF0aCI6IlwvZlwvMjhjNmVmNDItZDgyMy00NTIxLTg2YWQtNDgyMTYwOWVkNmFjXC9kaG41azlyLWNmNTk2NTNlLTk0NWQtNGExNS1hNjZiLTlkMWVhZDkxMDcxZC5qcGciLCJ3aWR0aCI6Ijw9MTAwMCJ9XV0sImF1ZCI6WyJ1cm46c2VydmljZTppbWFnZS5vcGVyYXRpb25zIl19.zd7Q-yque_thnuHfvIIZb3DJIivv-1jsohOWeHqIduY;Mattepainting for Wuthering Waves;mingrutu;111;10;397000;23/06/2024;[];"[{""comment_author"": ""LindArtz"", ""comment_date"": ""23/08/2024"", ""comment_text"": ""Superb work!     !""}]"
https://images-wixmp-ed30a86b8c4ca887773594c2.wixmp.com/f/e17bf3e9-0da3-4b05-b41b-dd6f850974b1/dhrqyk8-fcf87632-ba6c-4479-a370-c47de67525f2.png/v1/fill/w_444,h_250/the_keykeeper_by_eithnne_dhrqyk8-250t.png?token=eyJ0eXAiOiJKV1QiLCJhbGciOiJIUzI1NiJ9.eyJzdWIiOiJ1cm46YXBwOjdlMGQxODg5ODIyNjQzNzNhNWYwZDQxNWVhMGQyNmUwIiwiaXNzIjoidXJuOmFwcDo3ZTBkMTg4OTgyMjY0MzczYTVmMGQ0MTVlYTBkMjZlMCIsIm9iaiI6W1t7ImhlaWdodCI6Ijw9Njc1IiwicGF0aCI6IlwvZlwvZTE3YmYzZTktMGRhMy00YjA1LWI0MWItZGQ2Zjg1MDk3NGIxXC9kaHJxeWs4LWZjZjg3NjMyLWJhNmMtNDQ3OS1hMzcwLWM0N2RlNjc1MjVmMi5wbmciLCJ3aWR0aCI6Ijw9MTIwMCJ9XV0sImF1ZCI6WyJ1cm46c2VydmljZTppbWFnZS5vcGVyYXRpb25zIl19.q4ySdff5SWa2uCzIWIX14nbxf0a4L4GuZsC3rTmORjc;The Keykeeper;Eithnne;61;10;397000;13/07/2024;['conceptual', 'digitalart', 'gothic', 'key', 'photomanipulation', 'skull'];"[{""comment_author"": ""LindArtz"", ""comment_date"": ""23/08/2024"", ""comment_text"": ""Fantastic manipulation!!     !""}]"
https://images-wixmp-ed30a86b8c4ca887773594c2.wixmp.com/f/5a65e0c8-2b0f-4e4c-bd4d-b2dfcdc0ae78/dhykkck-f1800559-1555-4aff-8e7b-0ba6f225fc78.jpg/v1/fill/w_193,h_250,q_70,strp/milo___molly_by_blackspiraldancer1_dhykkck-250t.jpg?token=eyJ0eXAiOiJKV1QiLCJhbGciOiJIUzI1NiJ9.eyJzdWIiOiJ1cm46YXBwOjdlMGQxODg5ODIyNjQzNzNhNWYwZDQxNWVhMGQyNmUwIiwiaXNzIjoidXJuOmFwcDo3ZTBkMTg4OTgyMjY0MzczYTVmMGQ0MTVlYTBkMjZlMCIsIm9iaiI6W1t7ImhlaWdodCI6Ijw9MTY1NiIsInBhdGgiOiJcL2ZcLzVhNjVlMGM4LTJiMGYtNGU0Yy1iZDRkLWIyZGZjZGMwYWU3OFwvZGh5a2tjay1mMTgwMDU1OS0xNTU1LTRhZmYtOGU3Yi0wYmE2ZjIyNWZjNzguanBnIiwid2lkdGgiOiI8PTEyODAifV1dLCJhdWQiOlsidXJuOnNlcnZpY2U6aW1hZ2Uub3BlcmF0aW9ucyJdfQ.KWgMNB6IKBcFZ6c_f7dXw_dMi9Tj6TnLzvM0O4cD-x4;Milo + Molly;BlackSpiralDancer1;91;20;396800;12/08/2024;['cat', 'traditionalart', 'animal', 'feline', 'portrait', 'acrylic', 'animalart', 'cozy', 'cute', 'dancer', 'gift', 'gifts', 'kitties', 'memory', 'sleeping', 'sleepy', 'sparkle', 'blackspiraldancer1'];"[{""comment_author"": ""MidnightTiger8140"", ""comment_date"": ""23/08/2024"", ""comment_text"": ""What a lovely tribute and gift for your friend â¤ï¸ Congratulations on the DD! ""}]"
https://images-wixmp-ed30a86b8c4ca887773594c2.wixmp.com/f/da16a32e-91b9-4f45-98ba-21fa19890e9e/dhhwrq9-b2941de3-7953-4114-ad45-2cb5f02284e2.png/v1/fit/w_300,h_900,q_70,strp/_open_ota_1_6__weirdcore___liminal_space__1_by_limerami_art_dhhwrq9-300w.jpg?token=eyJ0eXAiOiJKV1QiLCJhbGciOiJIUzI1NiJ9.eyJzdWIiOiJ1cm46YXBwOjdlMGQxODg5ODIyNjQzNzNhNWYwZDQxNWVhMGQyNmUwIiwiaXNzIjoidXJuOmFwcDo3ZTBkMTg4OTgyMjY0MzczYTVmMGQ0MTVlYTBkMjZlMCIsIm9iaiI6W1t7ImhlaWdodCI6Ijw9MTI0NiIsInBhdGgiOiJcL2ZcL2RhMTZhMzJlLTkxYjktNGY0NS05OGJhLTIxZmExOTg5MGU5ZVwvZGhod3JxOS1iMjk0MWRlMy03OTUzLTQxMTQtYWQ0NS0yY2I1ZjAyMjg0ZTIucG5nIiwid2lkdGgiOiI8PTEyODAifV1dLCJhdWQiOlsidXJuOnNlcnZpY2U6aW1hZ2Uub3BlcmF0aW9ucyJdfQ.D2lnbIJWC6iPHJ93NbCc5_MTRTOahZOlAXu07HeLjK0;[open OTA 1/6] Weirdcore / liminal space #1;Limerami-art;261;26;5;30/05/2024;['adoptable', 'adoptables', 'adopts', 'character', 'characterdesign', 'characters', 'creaturedesign', 'demon', 'digitalart', 'fantasy', 'fantasycreature', 'liminal', 'monster', 'creatureconcept', 'openadoptables', 'humanadoptables', 'fantasyadoptable', 'moneyadopts', 'fantasyadopt', 'moneyadoptable', 'monsteradoptable', 'monsteradopts', 'weirdcore', 'humanoidmonster', 'liminalspace', 'weirdcoreaesthetic', 'weirdcorecharacter', 'weirdcoreadopt', 'liminalspaceadopts'];"[{""comment_author"": ""LindArtz"", ""comment_date"": ""23/08/2024"", ""comment_text"": ""Very Nice work!    Numbers 3, 4, and 6 are especially inventive!      !""}]"
