img;title;author;likes;number_of_comments;number_of_views;date;image_tags;comments
https://images-wixmp-ed30a86b8c4ca887773594c2.wixmp.com/f/cd75b80d-77b0-46ac-89a6-de9b684cea65/dhriib1-1d647507-b040-413d-933d-d8fa17ee75fa.jpg/v1/fill/w_355,h_250,q_70,strp/the_philanthropist_and_the_guardian___page_7_by_inkstain23_dhriib1-250t.jpg?token=eyJ0eXAiOiJKV1QiLCJhbGciOiJIUzI1NiJ9.eyJzdWIiOiJ1cm46YXBwOjdlMGQxODg5ODIyNjQzNzNhNWYwZDQxNWVhMGQyNmUwIiwiaXNzIjoidXJuOmFwcDo3ZTBkMTg4OTgyMjY0MzczYTVmMGQ0MTVlYTBkMjZlMCIsIm9iaiI6W1t7ImhlaWdodCI6Ijw9MTM1NCIsInBhdGgiOiJcL2ZcL2NkNzViODBkLTc3YjAtNDZhYy04OWE2LWRlOWI2ODRjZWE2NVwvZGhyaWliMS0xZDY0NzUwNy1iMDQwLTQxM2QtOTMzZC1kOGZhMTdlZTc1ZmEuanBnIiwid2lkdGgiOiI8PTE5MjAifV1dLCJhdWQiOlsidXJuOnNlcnZpY2U6aW1hZ2Uub3BlcmF0aW9ucyJdfQ.P_YvNvRMoOXFxeb3LBPvtw-MZKhRmKWYQF10B2BXiTM;The philanthropist and the guardian : Page 7;inkstain23;26;4;2600;12/07/2024;['blackandwhite', 'blackandwhitedrawing', 'comicart', 'comicpage', 'creaturedesign', 'details', 'drawing', 'fantasy', 'fantasyart', 'fantasycreature', 'illustration', 'inkart', 'lineart', 'linework', 'mangapage', 'mangastyle', 'traditionalart', 'traditionaldrawing', 'inkstyle'];"""[{\""comment_author\"": \""Rottenteefs\"", \""comment_date\"": \""17/07/2024\"", \""comment_text\"": \""What a dumb bullshit artist that preachy thing is.\""}, {\""comment_author\"": \""ijustgothear\"", \""comment_date\"": \""14/07/2024\"", \""comment_text\"": \""Glad I finally read this, Interested to see where it goes.\""}, {\""comment_author\"": \""darkground-x\"", \""comment_date\"": \""13/07/2024\"", \""comment_text\"": \""this is a impressive work.very nice indeed\""}]"""
https://images-wixmp-ed30a86b8c4ca887773594c2.wixmp.com/f/3c07d7fb-8d78-4c60-998c-19d1e0333a0a/dhrni9p-2b7bc749-e5f3-45b9-bf99-ab0611fb5124.jpg/v1/fill/w_250,h_250,q_70,strp/meditation_by_noxethds_dhrni9p-250t.jpg?token=eyJ0eXAiOiJKV1QiLCJhbGciOiJIUzI1NiJ9.eyJzdWIiOiJ1cm46YXBwOjdlMGQxODg5ODIyNjQzNzNhNWYwZDQxNWVhMGQyNmUwIiwiaXNzIjoidXJuOmFwcDo3ZTBkMTg4OTgyMjY0MzczYTVmMGQ0MTVlYTBkMjZlMCIsIm9iaiI6W1t7ImhlaWdodCI6Ijw9MTI4MCIsInBhdGgiOiJcL2ZcLzNjMDdkN2ZiLThkNzgtNGM2MC05OThjLTE5ZDFlMDMzM2EwYVwvZGhybmk5cC0yYjdiYzc0OS1lNWYzLTQ1YjktYmY5OS1hYjA2MTFmYjUxMjQuanBnIiwid2lkdGgiOiI8PTEyODAifV1dLCJhdWQiOlsidXJuOnNlcnZpY2U6aW1hZ2Uub3BlcmF0aW9ucyJdfQ.Ung7d6pFN8-n-Vez9SLP39uKS-0-BpYHT4R9SDqBlnA;meditation;NOXETHDS;2;0;1300;13/07/2024;[];"""[]"""
https://images-wixmp-ed30a86b8c4ca887773594c2.wixmp.com/f/6b43f03d-0159-4f67-9e82-25394163d067/dhs43t7-6bf8a73d-884b-4cfc-a87a-f86c34ea14c8.jpg/v1/fit/w_375,h_281,q_70,strp/curious__by_arausio_dhs43t7-375w.jpg?token=eyJ0eXAiOiJKV1QiLCJhbGciOiJIUzI1NiJ9.eyJzdWIiOiJ1cm46YXBwOjdlMGQxODg5ODIyNjQzNzNhNWYwZDQxNWVhMGQyNmUwIiwiaXNzIjoidXJuOmFwcDo3ZTBkMTg4OTgyMjY0MzczYTVmMGQ0MTVlYTBkMjZlMCIsIm9iaiI6W1t7ImhlaWdodCI6Ijw9ODY0IiwicGF0aCI6IlwvZlwvNmI0M2YwM2QtMDE1OS00ZjY3LTllODItMjUzOTQxNjNkMDY3XC9kaHM0M3Q3LTZiZjhhNzNkLTg4NGItNGNmYy1hODdhLWY4NmMzNGVhMTRjOC5qcGciLCJ3aWR0aCI6Ijw9MTE1MiJ9XV0sImF1ZCI6WyJ1cm46c2VydmljZTppbWFnZS5vcGVyYXRpb25zIl19.V2cnsMPCQPmjHWLfOxXxdDxowQpHwbeEAhCtj-4t8BE;Curious ;Arausio;36;2;3800;15/07/2024;['traditionalart', 'traditionaldrawing', 'traditionalartwork'];"""[{\""comment_author\"": \""loinstigersbearsohmy\"", \""comment_date\"": \""16/07/2024\"", \""comment_text\"": \""That's enchanting \""}, {\""comment_author\"": \""eon888\"", \""comment_date\"": \""16/07/2024\"", \""comment_text\"": \""good job\""}]"""
https://images-wixmp-ed30a86b8c4ca887773594c2.wixmp.com/f/04f7c117-4002-4b7e-947d-a0b1d79f7785/dhpowwo-c2157dfa-aa5e-46fc-aced-9dfc2128880a.jpg/v1/fill/w_197,h_350,q_70,strp/bird_by_walogreen_dhpowwo-350t.jpg?token=eyJ0eXAiOiJKV1QiLCJhbGciOiJIUzI1NiJ9.eyJzdWIiOiJ1cm46YXBwOjdlMGQxODg5ODIyNjQzNzNhNWYwZDQxNWVhMGQyNmUwIiwiaXNzIjoidXJuOmFwcDo3ZTBkMTg4OTgyMjY0MzczYTVmMGQ0MTVlYTBkMjZlMCIsIm9iaiI6W1t7ImhlaWdodCI6Ijw9MTkyMCIsInBhdGgiOiJcL2ZcLzA0ZjdjMTE3LTQwMDItNGI3ZS05NDdkLWEwYjFkNzlmNzc4NVwvZGhwb3d3by1jMjE1N2RmYS1hYTVlLTQ2ZmMtYWNlZC05ZGZjMjEyODg4MGEuanBnIiwid2lkdGgiOiI8PTEwODAifV1dLCJhdWQiOlsidXJuOnNlcnZpY2U6aW1hZ2Uub3BlcmF0aW9ucyJdfQ._nfHcnVjscwFvrbkEvY9JABdm7lvE1riwCFQXqQJxxE;Bird;Walogreen;50;2;6300;04/07/2024;[];"""[{\""comment_author\"": \""poseidonsimons\"", \""comment_date\"": \""06/07/2024\"", \""comment_text\"": \""very nice :)\""}, {\""comment_author\"": \""JEart94\"", \""comment_date\"": \""05/07/2024\"", \""comment_text\"": \""thats very good!\""}]"""
https://images-wixmp-ed30a86b8c4ca887773594c2.wixmp.com/f/eaca1572-8277-41f2-8f69-f06713d64517/dhoxoun-6fe5f679-ac9c-4cf1-95b0-f4e3eb1dbb9e.jpg/v1/crop/w_263,h_350,x_0,y_0,scl_0.085611979166667,q_70,strp/spilling_thoughts_by_cuculum_dhoxoun-350t.jpg?token=eyJ0eXAiOiJKV1QiLCJhbGciOiJIUzI1NiJ9.eyJzdWIiOiJ1cm46YXBwOjdlMGQxODg5ODIyNjQzNzNhNWYwZDQxNWVhMGQyNmUwIiwiaXNzIjoidXJuOmFwcDo3ZTBkMTg4OTgyMjY0MzczYTVmMGQ0MTVlYTBkMjZlMCIsIm9iaiI6W1t7ImhlaWdodCI6Ijw9MTcwNyIsInBhdGgiOiJcL2ZcL2VhY2ExNTcyLTgyNzctNDFmMi04ZjY5LWYwNjcxM2Q2NDUxN1wvZGhveG91bi02ZmU1ZjY3OS1hYzljLTRjZjEtOTViMC1mNGUzZWIxZGJiOWUuanBnIiwid2lkdGgiOiI8PTEyODAifV1dLCJhdWQiOlsidXJuOnNlcnZpY2U6aW1hZ2Uub3BlcmF0aW9ucyJdfQ.EUhOFQnnyh553atMvsaZB4l1XY0udoyDDkpxFnduo2c;Spilling thoughts;Cuculum;47;0;7600;01/07/2024;['floral', 'ink', 'portrait', 'crossha', 'cross_hatched'];"""[]"""
https://images-wixmp-ed30a86b8c4ca887773594c2.wixmp.com/f/025fee1a-f576-43e9-a7b3-cd4352aca652/dhsz8ta-b1146eb2-4564-4e61-85c8-079fcf0f620e.jpg/v1/crop/w_299,h_350,x_0,y_0,scl_0.099666666666667,q_70,strp/sparrows23_by_preih_dhsz8ta-350t.jpg?token=eyJ0eXAiOiJKV1QiLCJhbGciOiJIUzI1NiJ9.eyJzdWIiOiJ1cm46YXBwOjdlMGQxODg5ODIyNjQzNzNhNWYwZDQxNWVhMGQyNmUwIiwiaXNzIjoidXJuOmFwcDo3ZTBkMTg4OTgyMjY0MzczYTVmMGQ0MTVlYTBkMjZlMCIsIm9iaiI6W1t7ImhlaWdodCI6Ijw9MTUwMSIsInBhdGgiOiJcL2ZcLzAyNWZlZTFhLWY1NzYtNDNlOS1hN2IzLWNkNDM1MmFjYTY1MlwvZGhzejh0YS1iMTE0NmViMi00NTY0LTRlNjEtODVjOC0wNzlmY2YwZjYyMGUuanBnIiwid2lkdGgiOiI8PTEyODAifV1dLCJhdWQiOlsidXJuOnNlcnZpY2U6aW1hZ2Uub3BlcmF0aW9ucyJdfQ.76LaAF33oIjy1PE9aMC1g2K8UuKjArBAZtMGCJohX8w;sparrows23;PReih;139;8;7000;19/07/2024;['traditionalart', 'ink', 'bird', 'sketch', 'ballpen', 'beetle', 'birds', 'bug', 'siskin', 'sketchart', 'sparrow', 'tanager', 'traditionalartist', 'wip', 'jellpen', 'sketchartist', 'jelpen', 'ballpenart', 'birdlover'];"""[{\""comment_author\"": \""Double-H-H\"", \""comment_date\"": \""29/07/2024\"", \""comment_text\"": \""This is absolutely gorgeous! The pen strokes are so effective and the white really makes it pop! So impressive.\""}, {\""comment_author\"": \""LasyaVR\"", \""comment_date\"": \""23/07/2024\"", \""comment_text\"": \""\\ud83d\\udc4f\""}, {\""comment_author\"": \""Nightnzgale\"", \""comment_date\"": \""20/07/2024\"", \""comment_text\"": \""Gorgeous \\ud83d\\ude0d\""}, {\""comment_author\"": \""LasyaVR\"", \""comment_date\"": \""20/07/2024\"", \""comment_text\"": \""\\ud83d\\udc4f\""}, {\""comment_author\"": \""nrg2166\"", \""comment_date\"": \""19/07/2024\"", \""comment_text\"": \""Good work \\ud83d\\udc4f\\ud83d\\udc4f\""}, {\""comment_author\"": \""Gaurangini\"", \""comment_date\"": \""19/07/2024\"", \""comment_text\"": \""Fantastic work \\ud83e\\udde1\""}, {\""comment_author\"": \""PrimordialPrincess\"", \""comment_date\"": \""19/07/2024\"", \""comment_text\"": \""exquisite \""}]"""
https://images-wixmp-ed30a86b8c4ca887773594c2.wixmp.com/f/0d54ae4f-0793-400e-b2af-2c6639c20fc9/dhsj9eb-3410e474-ac12-4a45-87b6-06f6a076c196.jpg/v1/fill/w_258,h_350,q_70,strp/new_life__by_vasilislam_dhsj9eb-350t.jpg?token=eyJ0eXAiOiJKV1QiLCJhbGciOiJIUzI1NiJ9.eyJzdWIiOiJ1cm46YXBwOjdlMGQxODg5ODIyNjQzNzNhNWYwZDQxNWVhMGQyNmUwIiwiaXNzIjoidXJuOmFwcDo3ZTBkMTg4OTgyMjY0MzczYTVmMGQ0MTVlYTBkMjZlMCIsIm9iaiI6W1t7ImhlaWdodCI6Ijw9ODc4NSIsInBhdGgiOiJcL2ZcLzBkNTRhZTRmLTA3OTMtNDAwZS1iMmFmLTJjNjYzOWMyMGZjOVwvZGhzajllYi0zNDEwZTQ3NC1hYzEyLTRhNDUtODdiNi0wNmY2YTA3NmMxOTYuanBnIiwid2lkdGgiOiI8PTY0NzIifV1dLCJhdWQiOlsidXJuOnNlcnZpY2U6aW1hZ2Uub3BlcmF0aW9ucyJdfQ.Mt4ImaeNSy-Ex63EUcbXuLrqd_T-cbyaOcA6bwq1xj0;New Life.;VasilisLam;163;3;13100;17/07/2024;['artwork', 'blackandwhite', 'creative', 'detailed', 'greekart', 'handdrawn', 'illustration', 'inkart', 'inkwork', 'jar', 'life', 'micronpen', 'painting', 'plant', 'tattoo', 'tattooideas', 'traditionalart', 'dotwork', 'pigmamicron', 'artoftheday', 'greekartist', 'stipplingart', 'art', 'thessalonikiart'];"""[{\""comment_author\"": \""yelwjmufwz418\"", \""comment_date\"": \""26/07/2024\"", \""comment_text\"": \""cool\""}, {\""comment_author\"": \""JEart94\"", \""comment_date\"": \""18/07/2024\"", \""comment_text\"": \""looks very good!\""}, {\""comment_author\"": \""BloodyCrow1984\"", \""comment_date\"": \""17/07/2024\"", \""comment_text\"": \""life in cage\""}]"""
https://images-wixmp-ed30a86b8c4ca887773594c2.wixmp.com/f/828f8208-0667-4651-abe7-414a5d52ef16/dhqby2g-82eb74dd-4d6d-4b35-92b9-c8f524f25541.png/v1/fit/w_300,h_900,q_70,strp/chicken_fried_chicken__by_1stshantique_dhqby2g-300w.jpg?token=eyJ0eXAiOiJKV1QiLCJhbGciOiJIUzI1NiJ9.eyJzdWIiOiJ1cm46YXBwOjdlMGQxODg5ODIyNjQzNzNhNWYwZDQxNWVhMGQyNmUwIiwiaXNzIjoidXJuOmFwcDo3ZTBkMTg4OTgyMjY0MzczYTVmMGQ0MTVlYTBkMjZlMCIsIm9iaiI6W1t7ImhlaWdodCI6Ijw9MTAyNCIsInBhdGgiOiJcL2ZcLzgyOGY4MjA4LTA2NjctNDY1MS1hYmU3LTQxNGE1ZDUyZWYxNlwvZGhxYnkyZy04MmViNzRkZC00ZDZkLTRiMzUtOTJiOS1jOGY1MjRmMjU1NDEucG5nIiwid2lkdGgiOiI8PTEwMjQifV1dLCJhdWQiOlsidXJuOnNlcnZpY2U6aW1hZ2Uub3BlcmF0aW9ucyJdfQ._kshC7uUF9dHCfnGysj4ksszrmC3KgBStoJ7LVWXoL0;Chicken fried chicken ;1stShantique;27;2;3500;07/07/2024;[];"""[{\""comment_author\"": \""sarahwillams02\"", \""comment_date\"": \""29/07/2024\"", \""comment_text\"": \""Hello! Your photo is captivating. I would be honored if you allow me to utilize it for an Art project I\\u2019m currently on for a client, you\\u2019ll be paid for your contribution.\""}]"""
https://images-wixmp-ed30a86b8c4ca887773594c2.wixmp.com/f/d6b9e719-6334-49c0-aaa9-3b8559684f67/dhru5n3-6ae170b4-0c0a-4d69-95a4-facaef875cee.jpg/v1/fit/w_414,h_233,q_70,strp/ruptling_by_theonewithbear_dhru5n3-414w.jpg?token=eyJ0eXAiOiJKV1QiLCJhbGciOiJIUzI1NiJ9.eyJzdWIiOiJ1cm46YXBwOjdlMGQxODg5ODIyNjQzNzNhNWYwZDQxNWVhMGQyNmUwIiwiaXNzIjoidXJuOmFwcDo3ZTBkMTg4OTgyMjY0MzczYTVmMGQ0MTVlYTBkMjZlMCIsIm9iaiI6W1t7ImhlaWdodCI6Ijw9MTA4MCIsInBhdGgiOiJcL2ZcL2Q2YjllNzE5LTYzMzQtNDljMC1hYWE5LTNiODU1OTY4NGY2N1wvZGhydTVuMy02YWUxNzBiNC0wYzBhLTRkNjktOTVhNC1mYWNhZWY4NzVjZWUuanBnIiwid2lkdGgiOiI8PTE5MjAifV1dLCJhdWQiOlsidXJuOnNlcnZpY2U6aW1hZ2Uub3BlcmF0aW9ucyJdfQ.4xU8pY3dz4Mu-_5ApiPdvIfhiBddHsEXqGjr1UW1yUc;Ruptling;TheOneWithBear;233;24;24500;14/07/2024;['ink', 'sketchbook', 'traditionaldrawing', 'theonewithbear', 'sttwt'];"""[{\""comment_author\"": \""JF-Artistry\"", \""comment_date\"": \""02/08/2024\"", \""comment_text\"": \""Wow, absolutely breathtaking! \\ud83d\\udc95\""}, {\""comment_author\"": \""dholms\"", \""comment_date\"": \""27/07/2024\"", \""comment_text\"": \""Wow. Well that's certainly stunning.\""}, {\""comment_author\"": \""pyugqi521583\"", \""comment_date\"": \""26/07/2024\"", \""comment_text\"": \""I like the mood you have here, it's \""}, {\""comment_author\"": \""gacgdseu15144\"", \""comment_date\"": \""26/07/2024\"", \""comment_text\"": \""nice\""}, {\""comment_author\"": \""NewHorizontStudio\"", \""comment_date\"": \""17/07/2024\"", \""comment_text\"": \""Awesome\""}, {\""comment_author\"": \""GoreWorks-6\"", \""comment_date\"": \""17/07/2024\"", \""comment_text\"": \""Amazing! \""}, {\""comment_author\"": \""chernyshov\"", \""comment_date\"": \""16/07/2024\"", \""comment_text\"": \""Nice sketch!\""}, {\""comment_author\"": \""aqdrobert\"", \""comment_date\"": \""16/07/2024\"", \""comment_text\"": \"" \""}, {\""comment_author\"": \""KristieODonnell\"", \""comment_date\"": \""16/07/2024\"", \""comment_text\"": \""Beautiful work\""}, {\""comment_author\"": \""Mukundawrite\"", \""comment_date\"": \""15/07/2024\"", \""comment_text\"": \""Hey bro what paint brush are you using and  where can I buy it \\ud83d\\ude05\""}, {\""comment_author\"": \""JEart94\"", \""comment_date\"": \""14/07/2024\"", \""comment_text\"": \""very good!\""}, {\""comment_author\"": \""HDdeviant\"", \""comment_date\"": \""14/07/2024\"", \""comment_text\"": \""materialized resentment of fallen demi gods, love the description\""}]"""
https://images-wixmp-ed30a86b8c4ca887773594c2.wixmp.com/f/9bf0bd1a-6ce3-4c7d-b386-2cbbd7f123c3/dhnmwwz-3f852b3d-5fe2-4147-8724-ba17f139dc35.jpg/v1/fill/w_200,h_250,q_70,strp/occult_by_essencessss_dhnmwwz-250t.jpg?token=eyJ0eXAiOiJKV1QiLCJhbGciOiJIUzI1NiJ9.eyJzdWIiOiJ1cm46YXBwOjdlMGQxODg5ODIyNjQzNzNhNWYwZDQxNWVhMGQyNmUwIiwiaXNzIjoidXJuOmFwcDo3ZTBkMTg4OTgyMjY0MzczYTVmMGQ0MTVlYTBkMjZlMCIsIm9iaiI6W1t7ImhlaWdodCI6Ijw9NzA1IiwicGF0aCI6IlwvZlwvOWJmMGJkMWEtNmNlMy00YzdkLWIzODYtMmNiYmQ3ZjEyM2MzXC9kaG5td3d6LTNmODUyYjNkLTVmZTItNDE0Ny04NzI0LWJhMTdmMTM5ZGMzNS5qcGciLCJ3aWR0aCI6Ijw9NTY0In1dXSwiYXVkIjpbInVybjpzZXJ2aWNlOmltYWdlLm9wZXJhdGlvbnMiXX0.e-qB3V4z0cFLlFKnaLymW5Y8dBfR6gdkdAb3JADatpU;Occult;Essencessss;167;14;10500;25/06/2024;['baphomet', 'bats', 'belial', 'broom', 'broomstick', 'canvas', 'darkarts', 'devil', 'digitalart', 'female', 'feminine', 'magic', 'moon', 'occultism', 'painting', 'satan', 'vampires', 'witchcraft', 'darkillustrations'];"""[{\""comment_author\"": \""franzvanderlinde\"", \""comment_date\"": \""26/06/2024\"", \""comment_text\"": \""Is this your art?\""}, {\""comment_author\"": \""JonathanCurtis\"", \""comment_date\"": \""25/06/2024\"", \""comment_text\"": \""Really cool! That's how I'd fly my broomstick!\\ud83d\\ude0d\""}]"""
https://images-wixmp-ed30a86b8c4ca887773594c2.wixmp.com/f/af37187a-3b24-4295-9546-33ab7663ae41/dhw5ezr-8bc749e0-db24-4aa9-a678-45ac6ccb98b2.jpg/v1/fit/w_375,h_250,q_70,strp/lost_in_the_vessels_cave_by_holyn1ght_dhw5ezr-375w.jpg?token=eyJ0eXAiOiJKV1QiLCJhbGciOiJIUzI1NiJ9.eyJzdWIiOiJ1cm46YXBwOjdlMGQxODg5ODIyNjQzNzNhNWYwZDQxNWVhMGQyNmUwIiwiaXNzIjoidXJuOmFwcDo3ZTBkMTg4OTgyMjY0MzczYTVmMGQ0MTVlYTBkMjZlMCIsIm9iaiI6W1t7InBhdGgiOiJcL2ZcL2FmMzcxODdhLTNiMjQtNDI5NS05NTQ2LTMzYWI3NjYzYWU0MVwvZGh3NWV6ci04YmM3NDllMC1kYjI0LTRhYTktYTY3OC00NWFjNmNjYjk4YjIuanBnIiwiaGVpZ2h0IjoiPD04NTQiLCJ3aWR0aCI6Ijw9MTI4MCJ9XV0sImF1ZCI6WyJ1cm46c2VydmljZTppbWFnZS53YXRlcm1hcmsiXSwid21rIjp7InBhdGgiOiJcL3dtXC9hZjM3MTg3YS0zYjI0LTQyOTUtOTU0Ni0zM2FiNzY2M2FlNDFcL2hvbHluMWdodC00LnBuZyIsIm9wYWNpdHkiOjk1LCJwcm9wb3J0aW9ucyI6MC40NSwiZ3Jhdml0eSI6ImNlbnRlciJ9fQ.AbhD1_HVbLtEmj39b7Y4ArGfAN5T4U5LMVQZHEBEEuk;Lost in the Vessels cave;HolyN1ght;8;0;477;02/08/2024;['traditionalart', 'ink', 'inktober', 'blackandwhite', 'cave', 'frenchfries', 'hamburger', 'vessels'];"""[]"""
https://images-wixmp-ed30a86b8c4ca887773594c2.wixmp.com/f/d1ca246a-20a8-48c6-9899-309962eb0fdb/dhpagel-89b83fa9-ef6d-407d-8c4f-06365e523c60.jpg/v1/fill/w_233,h_350,q_70,strp/kampsai_1_by_asiaspeedy_dhpagel-350t.jpg?token=eyJ0eXAiOiJKV1QiLCJhbGciOiJIUzI1NiJ9.eyJzdWIiOiJ1cm46YXBwOjdlMGQxODg5ODIyNjQzNzNhNWYwZDQxNWVhMGQyNmUwIiwiaXNzIjoidXJuOmFwcDo3ZTBkMTg4OTgyMjY0MzczYTVmMGQ0MTVlYTBkMjZlMCIsIm9iaiI6W1t7ImhlaWdodCI6Ijw9NzY4IiwicGF0aCI6IlwvZlwvZDFjYTI0NmEtMjBhOC00OGM2LTk4OTktMzA5OTYyZWIwZmRiXC9kaHBhZ2VsLTg5YjgzZmE5LWVmNmQtNDA3ZC04YzRmLTA2MzY1ZTUyM2M2MC5qcGciLCJ3aWR0aCI6Ijw9NTEyIn1dXSwiYXVkIjpbInVybjpzZXJ2aWNlOmltYWdlLm9wZXJhdGlvbnMiXX0.N4NLWbKRsHuPXXJ-vzH9ugYLB7qnZptRcXgvoeLydpw;Kampsai 1;AsiaSpeedy;8;0;705;02/07/2024;[];"""[]"""
https://images-wixmp-ed30a86b8c4ca887773594c2.wixmp.com/f/8bc728f2-cc56-4f8c-ba65-ad9fd811a800/dhrqmbe-461d8a5c-55c9-4fbe-a503-35a08d645834.jpg/v1/crop/w_279,h_350,x_0,y_0,scl_0.32710280373832,q_70,strp/winie_anggun_by_baredpratama_dhrqmbe-350t.jpg?token=eyJ0eXAiOiJKV1QiLCJhbGciOiJIUzI1NiJ9.eyJzdWIiOiJ1cm46YXBwOjdlMGQxODg5ODIyNjQzNzNhNWYwZDQxNWVhMGQyNmUwIiwiaXNzIjoidXJuOmFwcDo3ZTBkMTg4OTgyMjY0MzczYTVmMGQ0MTVlYTBkMjZlMCIsIm9iaiI6W1t7ImhlaWdodCI6Ijw9MTA3MiIsInBhdGgiOiJcL2ZcLzhiYzcyOGYyLWNjNTYtNGY4Yy1iYTY1LWFkOWZkODExYTgwMFwvZGhycW1iZS00NjFkOGE1Yy01NWM5LTRmYmUtYTUwMy0zNWEwOGQ2NDU4MzQuanBnIiwid2lkdGgiOiI8PTg1NiJ9XV0sImF1ZCI6WyJ1cm46c2VydmljZTppbWFnZS5vcGVyYXRpb25zIl19.OfzYmHFmMyDHcTlQh5wJCm5yd1iZuh1DKNxkRZMhiTg;Winie.Anggun;BaredPratama;73;3;4900;13/07/2024;['artwork', 'draw', 'drawing', 'dreamworks', 'art'];"""[{\""comment_author\"": \""BaredPratama\"", \""comment_date\"": \""26/07/2024\"", \""comment_text\"": \""donate for eat \\ud83d\\ude07https://sociabuzz.com/baredd\""}, {\""comment_author\"": \""magazineaoide\"", \""comment_date\"": \""16/07/2024\"", \""comment_text\"": \""Nice\""}, {\""comment_author\"": \""simonpark81\"", \""comment_date\"": \""13/07/2024\"", \""comment_text\"": \""the perspective on this piece is really well done!\""}]"""
https://images-wixmp-ed30a86b8c4ca887773594c2.wixmp.com/f/4288d55d-e6b4-4863-a1d1-ad221d9d9ad2/dhvx4r2-a37192f0-c2d7-4fea-8b4e-d1c107a46e27.png/v1/fill/w_281,h_350,q_70,strp/wip_1_8_24_by_jenninn_dhvx4r2-350t.jpg?token=eyJ0eXAiOiJKV1QiLCJhbGciOiJIUzI1NiJ9.eyJzdWIiOiJ1cm46YXBwOjdlMGQxODg5ODIyNjQzNzNhNWYwZDQxNWVhMGQyNmUwIiwiaXNzIjoidXJuOmFwcDo3ZTBkMTg4OTgyMjY0MzczYTVmMGQ0MTVlYTBkMjZlMCIsIm9iaiI6W1t7ImhlaWdodCI6Ijw9MTAwMCIsInBhdGgiOiJcL2ZcLzQyODhkNTVkLWU2YjQtNDg2My1hMWQxLWFkMjIxZDlkOWFkMlwvZGh2eDRyMi1hMzcxOTJmMC1jMmQ3LTRmZWEtOGI0ZS1kMWMxMDdhNDZlMjcucG5nIiwid2lkdGgiOiI8PTgwMiJ9XV0sImF1ZCI6WyJ1cm46c2VydmljZTppbWFnZS5vcGVyYXRpb25zIl19.G7Hrjd6j6j2OZPtwmgOusZbt9xog2ocBZyH0wbi5qhw;WIP 1-8-24;jenninn;41;4;1500;01/08/2024;['traditionalart', 'illustration', 'portraitgirl', 'traditionaldrawing', 'wipworkinprogress'];"""[{\""comment_author\"": \""Marie-Jackson-art\"", \""comment_date\"": \""02/08/2024\"", \""comment_text\"": \""Wow, looks good!\""}, {\""comment_author\"": \""mindauggss\"", \""comment_date\"": \""01/08/2024\"", \""comment_text\"": \""that is WOW i cant wait till its finished\""}, {\""comment_author\"": \""SHIIarts\"", \""comment_date\"": \""01/08/2024\"", \""comment_text\"": \""This is so beautiful!!\""}]"""
https://images-wixmp-ed30a86b8c4ca887773594c2.wixmp.com/f/4ca1dcef-49af-48fd-a28f-4acae11e73c1/dhn9tdp-36b4d65d-7002-4fba-bc3e-9fc1ca2cf47d.jpg/v1/fit/w_375,h_283,q_70,strp/japanese_shop_facade__study__by_punknower_dhn9tdp-375w.jpg?token=eyJ0eXAiOiJKV1QiLCJhbGciOiJIUzI1NiJ9.eyJzdWIiOiJ1cm46YXBwOjdlMGQxODg5ODIyNjQzNzNhNWYwZDQxNWVhMGQyNmUwIiwiaXNzIjoidXJuOmFwcDo3ZTBkMTg4OTgyMjY0MzczYTVmMGQ0MTVlYTBkMjZlMCIsIm9iaiI6W1t7ImhlaWdodCI6Ijw9OTY1IiwicGF0aCI6IlwvZlwvNGNhMWRjZWYtNDlhZi00OGZkLWEyOGYtNGFjYWUxMWU3M2MxXC9kaG45dGRwLTM2YjRkNjVkLTcwMDItNGZiYS1iYzNlLTlmYzFjYTJjZjQ3ZC5qcGciLCJ3aWR0aCI6Ijw9MTI4MCJ9XV0sImF1ZCI6WyJ1cm46c2VydmljZTppbWFnZS5vcGVyYXRpb25zIl19.4V-dMilKoRqLqv5ibxlN1h0MusUwqlaRK1OtV0BIE7I;Japanese shop facade (study);punknower;89;1;8800;23/06/2024;['ink', 'shop'];"""[{\""comment_author\"": \""Brasares\"", \""comment_date\"": \""03/08/2024\"", \""comment_text\"": \""Incredibly cool\""}]"""
https://images-wixmp-ed30a86b8c4ca887773594c2.wixmp.com/f/ff11762b-a612-4613-a46f-803a255f2fdf/dht5a7d-0be6f61d-3d41-4d2c-b71a-724fd724dd5f.jpg/v1/fill/w_247,h_350,q_70,strp/nocturnal_by_medved_vitaly_dht5a7d-350t.jpg?token=eyJ0eXAiOiJKV1QiLCJhbGciOiJIUzI1NiJ9.eyJzdWIiOiJ1cm46YXBwOjdlMGQxODg5ODIyNjQzNzNhNWYwZDQxNWVhMGQyNmUwIiwiaXNzIjoidXJuOmFwcDo3ZTBkMTg4OTgyMjY0MzczYTVmMGQ0MTVlYTBkMjZlMCIsIm9iaiI6W1t7ImhlaWdodCI6Ijw9MTgxMiIsInBhdGgiOiJcL2ZcL2ZmMTE3NjJiLWE2MTItNDYxMy1hNDZmLTgwM2EyNTVmMmZkZlwvZGh0NWE3ZC0wYmU2ZjYxZC0zZDQxLTRkMmMtYjcxYS03MjRmZDcyNGRkNWYuanBnIiwid2lkdGgiOiI8PTEyODAifV1dLCJhdWQiOlsidXJuOnNlcnZpY2U6aW1hZ2Uub3BlcmF0aW9ucyJdfQ.8uaej6cq7WI7gwXV51s6cJAGw23ue28MBUwlyF6C-oc;Nocturnal;Medved-vitaly;36;2;1500;20/07/2024;['traditionalart', 'dotwork'];"""[{\""comment_author\"": \""Spittwerks\"", \""comment_date\"": \""21/07/2024\"", \""comment_text\"": \""I love how you did the snowfall. Great pic.\""}]"""
https://images-wixmp-ed30a86b8c4ca887773594c2.wixmp.com/f/ba3dd6b9-32a0-43a6-a6f4-65a0f3b2e5fa/dhofa02-a9b4f2df-31eb-48f0-8eff-e06a1b6d5a95.jpg/v1/fill/w_280,h_350,q_70,strp/glu__gluu__by_roby312011_dhofa02-350t.jpg?token=eyJ0eXAiOiJKV1QiLCJhbGciOiJIUzI1NiJ9.eyJzdWIiOiJ1cm46YXBwOjdlMGQxODg5ODIyNjQzNzNhNWYwZDQxNWVhMGQyNmUwIiwiaXNzIjoidXJuOmFwcDo3ZTBkMTg4OTgyMjY0MzczYTVmMGQ0MTVlYTBkMjZlMCIsIm9iaiI6W1t7ImhlaWdodCI6Ijw9MTM1MCIsInBhdGgiOiJcL2ZcL2JhM2RkNmI5LTMyYTAtNDNhNi1hNmY0LTY1YTBmM2IyZTVmYVwvZGhvZmEwMi1hOWI0ZjJkZi0zMWViLTQ4ZjAtOGVmZi1lMDZhMWI2ZDVhOTUuanBnIiwid2lkdGgiOiI8PTEwODAifV1dLCJhdWQiOlsidXJuOnNlcnZpY2U6aW1hZ2Uub3BlcmF0aW9ucyJdfQ.dt5QG5DRCrV0diV0NGJbJqykl1ZqWVVJrbGpfHwSIuc;Glu! Gluu!;roby312011;36;0;7700;29/06/2024;[];"""[]"""
https://images-wixmp-ed30a86b8c4ca887773594c2.wixmp.com/f/64656a5e-447d-4ed4-baac-a4bf7801e9c6/dhok5zz-de76e413-a824-4550-95d3-0915a827574b.jpg/v1/fill/w_259,h_350,q_70,strp/snake_tree__by_scradleee_dhok5zz-350t.jpg?token=eyJ0eXAiOiJKV1QiLCJhbGciOiJIUzI1NiJ9.eyJzdWIiOiJ1cm46YXBwOjdlMGQxODg5ODIyNjQzNzNhNWYwZDQxNWVhMGQyNmUwIiwiaXNzIjoidXJuOmFwcDo3ZTBkMTg4OTgyMjY0MzczYTVmMGQ0MTVlYTBkMjZlMCIsIm9iaiI6W1t7ImhlaWdodCI6Ijw9MTczMSIsInBhdGgiOiJcL2ZcLzY0NjU2YTVlLTQ0N2QtNGVkNC1iYWFjLWE0YmY3ODAxZTljNlwvZGhvazV6ei1kZTc2ZTQxMy1hODI0LTQ1NTAtOTVkMy0wOTE1YTgyNzU3NGIuanBnIiwid2lkdGgiOiI8PTEyODAifV1dLCJhdWQiOlsidXJuOnNlcnZpY2U6aW1hZ2Uub3BlcmF0aW9ucyJdfQ.bBFVA38ouHSK1_6bVWyWGiPHs3wKIm6Uvw2klhpWHaQ;Snake tree ;scradleee;40;1;7000;29/06/2024;['ink', 'pencil'];"""[{\""comment_author\"": \""CalmingQuack\"", \""comment_date\"": \""22/07/2024\"", \""comment_text\"": \""I love the dark energy coming from the serpent!\""}]"""
https://images-wixmp-ed30a86b8c4ca887773594c2.wixmp.com/f/513fed21-2864-4ba5-8fa7-be101c877dcf/dhvn09x-f06473bc-e56c-4e6e-a03e-a7361cd49dfd.jpg/v1/fit/w_375,h_274,q_70,strp/glendalough_waterfall_by_bdoroszko_dhvn09x-375w.jpg?token=eyJ0eXAiOiJKV1QiLCJhbGciOiJIUzI1NiJ9.eyJzdWIiOiJ1cm46YXBwOjdlMGQxODg5ODIyNjQzNzNhNWYwZDQxNWVhMGQyNmUwIiwiaXNzIjoidXJuOmFwcDo3ZTBkMTg4OTgyMjY0MzczYTVmMGQ0MTVlYTBkMjZlMCIsIm9iaiI6W1t7ImhlaWdodCI6Ijw9OTM2IiwicGF0aCI6IlwvZlwvNTEzZmVkMjEtMjg2NC00YmE1LThmYTctYmUxMDFjODc3ZGNmXC9kaHZuMDl4LWYwNjQ3M2JjLWU1NmMtNGU2ZS1hMDNlLWE3MzYxY2Q0OWRmZC5qcGciLCJ3aWR0aCI6Ijw9MTI4MCJ9XV0sImF1ZCI6WyJ1cm46c2VydmljZTppbWFnZS5vcGVyYXRpb25zIl19.SEj6f8JNT7M_eatwRt9qQET5mxdpeewNVCiI3qIQwxY;Glendalough waterfall;bdoroszko;13;0;400;31/07/2024;['forest', 'plants'];"""[]"""
